{
  "baseName" : "Integrated Camera",
  "uniqueName" : "Integrated_Camera",
  "nickname" : "Integrated_Camera",
  "FOV" : 70.0,
  "path" : "/dev/video0",
  "cameraType" : "UsbCamera",
  "currentPipelineIndex" : 0,
  "camPitch" : {
    "radians" : 0.0
  },
  "calibrations" : [ {
    "resolution" : {
      "width" : 320.0,
      "height" : 180.0
    },
    "cameraIntrinsics" : {
      "rows" : 3,
      "cols" : 3,
      "type" : 6,
      "data" : [ 248.8807702929225, 0.0, 161.2008157849038, 0.0, 256.0037881054191, 82.75777850842653, 0.0, 0.0, 1.0 ]
    },
    "cameraExtrinsics" : {
      "rows" : 1,
      "cols" : 5,
      "type" : 6,
      "data" : [ 0.19291481587399734, 0.010574493126292666, -0.01846814750910285, 0.0021103109677606045, -0.5295217183294736 ]
    },
    "perViewErrors" : [ 0.1946083086950265, 0.24319148774244803, 0.24799386347837343, 0.2601747062727763, 0.15667920444144426, 0.19420260326451047, 0.2576726703704841, 0.21006975036835188, 0.22649957669698664, 0.23351851378106034, 0.3679630253199235, 0.2299785165026503 ],
    "standardDeviation" : 0.04934033848544287
  }, {
    "resolution" : {
      "width" : 960.0,
      "height" : 540.0
    },
    "cameraIntrinsics" : {
      "rows" : 3,
      "cols" : 3,
      "type" : 6,
      "data" : [ 714.6506701309089, 0.0, 459.32271007760005, 0.0, 719.0056619401184, 293.5619403302968, 0.0, 0.0, 1.0 ]
    },
    "cameraExtrinsics" : {
      "rows" : 1,
      "cols" : 5,
      "type" : 6,
      "data" : [ 0.5063449166098575, -1.168889701347201, 0.010460049131954464, -0.03378289270971462, 1.018012998164736 ]
    },
    "perViewErrors" : [ 2.241023371482773, 2.350548714567089, 4.42262107581954, 1.558889733828534, 0.5810109787574191, 0.8103039301555236, 0.7880204822659584, 1.578889595254962, 0.7950596431498292, 0.7307955418589027, 1.4108521844643744, 1.9280234082314238, 1.9400728566843282 ],
    "standardDeviation" : 0.996864704853941
  } ],
  "streamIndex" : 1
}